{
  "name": "ngpd-merceros-events-be",
  "version": "0.2.0",
  "scripts": {
    "start": "node index.js",
    "test": "gulp jasmine",
    "lcov": "gulp lcov"
  },
  "devDependencies": {
    "chai": "^3.5.0",
    "coveralls": "~2.11.4",
    "del": "^2.2.2",
    "gulp": "^3.9.1",
    "gulp-env": "^0.4.0",
    "gulp-istanbul": "^1.1.1",
    "gulp-jasmine": "^2.4.2",
    "gulp-json-concat": "0.0.5",
    "gulp-load-plugins": "^1.4.0",
    "gulp-newer": "^1.3.0",
    "gulp-nodemon": "^2.2.1",
    "gulp-plumber": "^1.1.0",
    "gulp-replace": "^0.5.4",
    "gulp-sourcemaps": "^1.9.1",
    "gulp-util": "^3.0.7",
    "http-status": "^0.2.3",
    "istanbul": "~0.3.20",
    "jasmine-core": "^2.5.2",
    "jasmine-node": "^1.14.5",
    "json-server": "^0.9.1",
    "npm-run-all": "^3.1.1",
    "run-sequence": "^1.2.2",
    "supertest": "^2.0.1",
    "supertest-as-promised": "^4.0.2"
  },
  "contributors": [
    "Pankaj Sabharwal"
  ],
  "description": "Express API to track Web activities",
  "keywords": [
    "merceros",
    "activity",
    "tracking",
    "events",
    "open source"
  ],
  "dependencies": {
    "JSON": "^1.0.0",
    "body-parser": "^1.15.2",
    "body-parser-xml": "^1.1.0",
    "express": "^4.14.0",
    "fast-csv": "^2.3.0",
    "log4js": "^1.0.1",
    "moment": "^2.16.0",
    "mongoose": "^4.6.6",
    "request": "^2.39.0",
    "wait.for": "^0.6.6",
    "wait.for-es6": "^0.1.0"
  }
}