{
    "name": "Client",
    "graphjson": {
        "node": [
            {
                "model": 901,
                "basekey": 1,
                "nodetype": "entity",
                "key": 1,
                "text": "Geo",
                "color": "lightblue"
            },
            {
                "model": 901,
                "basekey": 2,
                "nodetype": "entity",
                "key": 2,
                "text": "Client",
                "color": "lightblue"
            }
        ],
        "link": [
            {
                "from": "1",
                "to": "2"
            }
        ]
    },
    "nodeproperties": [
        {
            "key": 1,
            "attributes": [
                {
                    "name": "LocationId",
                    "description": "Location Id",
                    "attrtype": "numeric"
                },
                {
                    "name": "LocationName",
                    "description": "Location Name",
                    "attrtype": "string"
                }

            ]
        },
        {
            "key": 2,
            "attributes": [
                {
                    "name": "ClientId",
                    "description": "Client Id",
                    "attrtype": "numeric"
                },
                {
                    "name": "ClientName",
                    "description": "Client Id",
                    "attrtype": "numeric"
                },
                {
                    "name": "Contact",
                    "description": "Client Contact",
                    "attrtype": "string"
                }
            ]
        }
    ]
}