{
    "name": "Health",
    "graphjson": {
        "node": [
            {
                "model": 101,
                "basekey": 1,
                "nodetype": "entity",
                "key": 1,
                "text": "Policy",
                "color": "lightblue"
            },
            {
                "model": 101,
                "basekey": 2,
                "nodetype": "entity",
                "key": 2,
                "text": "Coverage",
                "color": "lightblue"
            },
            {
                "model": 101,
                "basekey": 3,
                "nodetype": "entity",
                "key": 3,
                "text": "Claims",
                "color": "lightblue"
            }
        ],
        "link": [
            {
                "from": "1",
                "to": "2"
            },
            {
                "from": "1",
                "to": "3"
            }
        ]
    },
    "nodeproperties": [
        {
            "key": 1,
            "attributes": [
                {
                    "name": "ClientId",
                    "description": "Client Id",
                    "attrtype": "numeric"
                },
                {
                    "name": "PolicyId",
                    "description": "Policy Id",
                    "attrtype": "numeric"
                },
                {
                    "name": "BrokingRemuneration",
                    "description": "Broking Remuneration",
                    "attrtype": "numeric"
                },
                {
                    "name": "Region",
                    "description": "Geographic Region",
                    "attrtype": "string"
                }
            ]
        },
        {
            "key": 2,
            "attributes": [
                {
                    "name": "CoverageId",
                    "description": "Coverage Id",
                    "attrtype": "numeric"
                },
                {
                    "name": "PolicyId",
                    "description": "Policy Id",
                    "attrtype": "numeric"
                },
                {
                    "name": "CoverageType",
                    "description": "Coverage Type",
                    "attrtype": "string"
                }
            ]
        },
        {
            "key": 3,
            "attributes": [
                {
                    "name": "ClaimId",
                    "description": "Claim Id",
                    "attrtype": "numeric"
                },
                {
                    "name": "PolicyId",
                    "description": "Policy Id",
                    "attrtype": "numeric"
                },
                {
                    "name": "ClaimAmount",
                    "description": "Claim Amount",
                    "attrtype": "numeric"
                },
                {
                    "name": "ClaimType",
                    "description": "Claim Type",
                    "attrtype": "string"
                },
                {
                    "name": "ClaimStatus",
                    "description": "Claim Status",
                    "attrtype": "string"
                }
            ]
        }
    ]
}