{
    "name": "Organisation",
    "graphjson": {
        "node": [
            { "model": 201, "basekey": 1, "key": 1, "text": "Organisation", "color":  "lightblue" },
            { "model": 201, "basekey": 2, "key": 2, "text": "Employee", "color":  "lightblue" },
            { "model": 201, "basekey": 3, "key": 3, "text": "Position", "color":  "lightblue" },
            { "model": 201, "basekey": 4, "key": 4, "text": "Employment", "color":  "lightblue" }
        ], "link":
        [
            { "from":  "1", "to":  "2" },
            { "from":  "1", "to":  "3" },
            { "from":  "2", "to":  "4" },
            { "from":  "3", "to":  "4" }
        ]
    },
    "nodeproperties": [
        {
            "key": 1,
            "attributes": [
                {
                    "name": "OrganisationId",
                    "description": "Organisation Id",
                    "attrtype": "numeric"
                },
                {
                    "name": "OrganisationName",
                    "description": "Organisation Name",
                    "attrtype": "string"
                }
            ]
        },
        {
            "key": 2,
            "attributes": [
                {
                    "name": "OrganisationId",
                    "description": "Organisation Id",
                    "attrtype": "numeric"
                },
                {
                    "name": "EmployeeId",
                    "description": "Employee Id",
                    "attrtype": "numeric"
                },
                {
                    "name": "EmployeeName",
                    "description": "Employee Name",
                    "attrtype": "string"
                }
            ]
        },
        {
            "key": 3,
            "attributes": [
                {
                    "name": "OrganisationId",
                    "description": "Organisation Id",
                    "attrtype": "numeric"
                },
                {
                    "name": "PositionId",
                    "description": "Position Id",
                    "attrtype": "numeric"
                },
                {
                    "name": "PositionDescription",
                    "description": "Position Description",
                    "attrtype": "string"
                }
            ]
        },
        {
            "key": 4,
            "attributes": [
                {
                    "name": "EmploymentId",
                    "description": "Employment Id",
                    "attrtype": "numeric"
                },
                {
                    "name": "EmployeeId",
                    "description": "Employee Id",
                    "attrtype": "numeric"
                },
                {
                    "name": "PositionId",
                    "description": "Position Id",
                    "attrtype": "numeric"
                },
                {
                    "name": "EmploymentDescription",
                    "description": "Employment Description",
                    "attrtype": "string"
                }
            ]
        }

    ]
}