{
 "name": "Wealth",
 "graphjson": {
        "node": [
            { "model": 301, "basekey": 1, "key": 1, "text": "Fund Manager", "color": "lightblue" },
            { "model": 301, "basekey": 2, "key": 2, "text": "Strategies", "color": "lightblue" },
            { "model": 301, "basekey": 3, "key": 3, "text": "Vehicles", "color": "lightblue" }
        ],
        "link": [
            { "from": "1", "to": "2" },
            { "from": "2", "to": "3" }
        ]
    },
    "nodeproperties": [
        {
            "key": 1,
            "attributes": [
                {
                    "name": "FundManagerId",
                    "description": "Fund Manager Id",
                    "attrtype": "numeric"
                },
                {
                    "name": "FundManagerName",
                    "description": "Fund Manager Name",
                    "attrtype": "string"
                }
            ]
        },
        {
            "key": 2,
            "attributes": [
                {
                    "name": "StrategyId",
                    "description": "Strategy Id",
                    "attrtype": "numeric"
                },
                {
                    "name": "StrategyName",
                    "description": "Strategy Name",
                    "attrtype": "string"
                },
                {
                    "name": "FundManagerId",
                    "description": "Fund Manager Id",
                    "attrtype": "numeric"
                }
            ]
        },
        {
            "key": 3,
            "attributes": [
                {
                    "name": "VehicleId",
                    "description": "Vehicle Id",
                    "attrtype": "numeric"
                },
                {
                    "name": "VehicleName",
                    "description": "Vehicle Name",
                    "attrtype": "string"
                },
                {
                    "name": "StrategyId",
                    "description": "Strategy Id",
                    "attrtype": "numeric"
                }
            ]
        }
    ]
}