[
    {
        "name": "nlp.selected",
        "datatype": "boolean",
        "multichoice": false
    },
    {
        "name": "nlp.ui.selected",
        "datatype": "boolean",
        "multichoice": false
    },
    {
        "name": "nlp.ui.type",
        "datatype": "string",
        "multichoice": false
    },
    {
        "name": "nlp.ui.selected",
        "datatype": "boolean",
        "multichoice": false
    },
    {
        "name": "nlp.context.selected",
        "datatype": "boolean",
        "multichoice": false
    },
    {
        "name": "nlp.sentiments.selected",
        "datatype": "boolean",
        "multichoice": false
    },
    {
        "name": "nlp.feedback.selected",
        "datatype": "boolean",
        "multichoice": false
    },
    {
        "name": "nlp.ka.selected",
        "datatype": "boolean",
        "multichoice": false
    },
    {
        "name": "nlp.ka.values",
        "datatype": "string",
        "multichoice": false
    },
    {
        "name": "if.selected",
        "datatype": "boolean",
        "multichoice": false
    },
    {
        "name": "if.domain.values",
        "datatype": "string",
        "multichoice": true
    },
    {
        "name": "ec.selected",
        "datatype": "boolean",
        "multichoice": false
    }
]