{
  "Records": [
    {
      "record": "from socrates to sartre: the philosophic quest (paperback)", 
      "ID": 1
    }, 
    {
      "record": "the magic of believing by bristol claude m.-english-embassy books-paperback (paperback)", 
      "ID": 2
    }, 
    {
      "record": "haunted: hardy boys (paperback)", 
      "ID": 3
    }, 
    {
      "record": "the intelligent investor (paperback)", 
      "ID": 4
    }, 
    {
      "record": "understanding & worshiping sri chakra (paperback)", 
      "ID": 5
    }, 
    {
      "record": "pmr: i too had a love story (paperback)", 
      "ID": 6
    }, 
    {
      "record": "analytical reasoning 3rd edition (paperback)", 
      "ID": 7
    }, 
    {
      "record": "it started with a friend request (paperback)", 
      "ID": 8
    }, 
    {
      "record": "pradeep's a text book of chemistry with value based questions class-xi (set of 2 vols) (paperback)", 
      "ID": 9
    }, 
    {
      "record": "a brief history of modern india (paperback)", 
      "ID": 10
    }
]
}