{
  "$schema": "./node_modules/@angular/cli/lib/config/schema.json",
  "project": {
    "name": "test-project"
  },
  "apps": [
    {
      "root": "src",
      "outDir": "dist",
      "assets": [
        {
          "glob": "**/*",
          "input": "../node_modules/merceros-ui-assets/mercer-assets",
          "output": "./mercer-assets/"
        },
        "assets",
        "web.config"
      ],
      "index": "index.html",
      "main": "main.ts",
      "polyfills": "polyfills.ts",
      "test": "test.ts",
      "tsconfig": "tsconfig.app.json",
      "testTsconfig": "tsconfig.spec.json",
      "prefix": "mercer",
      "styles": [
        "styles/styles.scss"
      ],
      "stylePreprocessorOptions": {
        "includePaths": [
          "../scss",
          "../node_modules"
        ]
      },
      "scripts": [],
      "environmentSource": "environments/environment.ts",
      "environments": {
        "dev": "environments/environment.ts",
        "hmr": "environments/environment.hmr.ts",
        "prod": "environments/environment.prod.ts"
      }
    }
  ],
  "e2e": {
    "protractor": {
      "config": "./protractor.conf.js"
    }
  },
  "lint": [
    {
      "project": "src/tsconfig.app.json",
      "exclude": "**/node_modules/**"
    },
    {
      "project": "src/tsconfig.spec.json",
      "exclude": "**/node_modules/**"
    },
    {
      "project": "e2e/tsconfig.e2e.json",
      "exclude": "**/node_modules/**"
    }
  ],
  "test": {
    "karma": {
      "config": "./karma.conf.js"
    }
  },
  "defaults": {
    "styleExt": "scss",
    "component": {
      "viewEncapsulation": "None",
      "changeDetection": "OnPush"
    },
    "schematics": {
      "collection": "@ngrx/schematics"
    },
    "serve": {
      "port": 4200
    }
  },
  "warnings": {
    "hmrWarning": false
  }
}