{
  "Intents": [
    {
      "e": 4.539787187241018e-05,
      "holiday": 0.9999089241027832,
      "leavepolicy": 0.0003413344093132764,
      "none": 4.539787187241018e-05,
      "personality": 0.0008361699874512851,
      "sick": 0.0005875063361600041,
      "vacation": 0.00021226974786259234
    }
  ],
  "Nouns": [
    {
      "type": "NOUN",
      "value": "holidays"
    },
    {
      "type": "NOUN",
      "value": "holidays 1"
    },
    {
      "type": "NOUN",
      "value": "holidays 2"
    },
    {
      "type": "NOUN",
      "value": "holidays 3"
    },
    {
      "type": "NOUN",
      "value": "holidays 4"
    }
    
  ],
  "Verbs": [
    {
      "type": "VERB",
      "value": "get"
    },
     {
      "type": "VERB",
      "value": "set"
    }
  ],
  "ADJ": [
     {
      "type": "ADJ",
      "value": "Beautiful"
    },
     {
      "type": "ADJ",
      "value": "Fast"
    }
  ],
  "Parse_Tree": [
    {
      "node": "get",
      "parent": "get"
    },
    {
      "node": "me",
      "parent": "get"
    },
    {
      "node": "my",
      "parent": "holidays"
    },
    {
      "node": "holidays",
      "parent": "get"
    }
  ],
  "Entities": [
    {
      "type": "Organization",
      "value": "Google"
    },
    {
      "type": "Person",
      "value": "Users"
    },
    {
      "type": "Location",
      "value": "Mountain View"
    },
    {
      "type": "Event",
      "value": "Consumer Electronic"
    }
  ],
  "POS": [
    {
      "word": "get",
      "pos": "VERB_VB"
    },
    {
      "word": "me",
      "pos": "PRON_PRP"
    },
    {
      "word": "my",
      "pos": "ADJ_PRP$"
    },
    {
      "word": "holidays",
      "pos": "NOUN_NNS"
    }
  ],
  "CONTEXT": [
    {
      "key": "get",
      "value": "Test Context"
    },
    {
      "key": "get",
      "value": "Test Context1"
    },
    {
      "key": "get",
      "value": "Test Context 2"
    },
    {
     "key": "get",
      "value": "Test Context 3"
    }
  ]
}